,Dataset1,Dataset2,Dataset3,Dataset4,Dataset5,Dataset6,Dataset7,Dataset8,Dataset9,Dataset10,Dataset11,Dataset12,Dataset13,Dataset14,Dataset15,Dataset16,Dataset17,Dataset18,Dataset19,Dataset20,Dataset21,Dataset22,Dataset23,Dataset24,Dataset25,Dataset26,Dataset27,Dataset28,Moon2
Host_0,0.012,0.083,0.231,0.324,0.122333333333333,0.168,0.057,0.06,0.263666666666667,0.115103127079175,0.160881174899866,0.188,0.159333333333333,0.303088803088803,0.213612565445026,0.358267716535433,0.0196656833824975,0.1,0.056,0.202,0.004,0.0175438596491228,0.07,0.0224887556221889,0.071,0.072,0.04,0.0563725490196079,0.124
Host_1,0.021,0.07,0.211,0.354666666666667,0.031,0.0556666666666667,0.00933333333333333,0.0256666666666667,0.106666666666667,0.0915163660654643,0.288282290279627,0.166,0.168666666666667,0.20954356846473,0.219138755980861,0.487804878048781,0.0183112919633774,0.102,0.024,0.148,0.044,0.095482546201232,0.194,0.0719640179910045,0.119,0.202,0.12,0.0413793103448276,0.0993333333333333
Host_2,,,,,,,,,,,,,,,,,,0.054,0.03,0.102,0.156,0.006,0.006,0.174174174174174,0.093,0.059,0.236,0.033112582781457,
Host_3,,,,,,,,,,,,,,,,,,,,0.064,,,0.056,,,0.2,0.144,,
Host_4,,,,,,,,,,,,,,,,,,,,0.046,,,0.024,,,,,,
Host_5,,,,,,,,,,,,,,,,,,,,0.07,,,,,,,,,
Dataset_Host,0.0165,0.0765,0.221,0.339333333333333,0.0766666666666667,0.111833333333333,0.0331666666666667,0.0428333333333333,0.185166666666667,0.103333333333333,0.224666666666667,0.177,0.164,0.258,0.2165,0.422,0.019,0.0853333333333333,0.0366666666666667,0.105333333333333,0.068,0.039,0.07,0.0895,0.0943333333333333,0.13325,0.135,0.045,0.111666666666667
