,acc_svmlinear,acc_svmrbf,acc_mlp,acc_knn,acc_dt,dataset
0,0.7753505168754706,0.9006260696926132,0.8234774423221743,0.9045156431847745,0.7065140001369207,phoneme
0,0.9268935303590036,0.9369011082693948,0.9316804016292508,0.9010050203656341,0.7682992327365729,spambase
0,0.8774603174603175,0.9514285714285714,0.9231746031746031,0.843095238095238,0.8461904761904762,ionosphere
0,0.9788847117794486,0.9788847117794484,0.9841791979949874,0.9683897243107771,0.8928884711779448,wdbc
0,0.9593073593073594,0.9722943722943722,0.9688311688311689,0.9675324675324676,0.6874458874458873,segment
0,0.9599792960662527,0.9614078674948241,0.9656935817805383,0.9614078674948241,0.9099378881987578,breast-w
0,0.9883370358616311,1.0,1.0,0.9992700729927007,0.8527557389188617,banknote_authentication
