,acc_svmlinear,acc_svmrbf,acc_mlp,acc_knn,acc_dt,dataset
0,0.6779831932773109,0.7332773109243697,0.7478991596638657,0.6434453781512606,0.5798319327731092,bupa
0,0.7483538815878609,0.7268595041322314,0.526432732692047,0.6468771169218263,0.504945129386262,hill_valley_without_noise_traintest
0,0.6394736842105264,0.6894736842105263,0.7078947368421051,0.6438596491228071,0.5517543859649123,contraceptive_NS
0,0.5133333333333333,0.5966666666666667,0.6288888888888889,0.6544444444444444,0.49444444444444446,teaching_assistant_LM
0,0.6411064425770309,0.6600980392156863,0.6719327731092437,0.6530812324929972,0.6054621848739495,contraceptive_LS
0,0.7445802098950525,0.7584707646176911,0.7410944527736132,0.6498875562218891,0.5308395802098951,diabetic_retinopathy
0,0.6367665418227215,0.6591885143570536,0.6603745318352061,0.6458551810237203,0.5190511860174782,Yeast_CYTvsNUC
0,0.6302552552552554,0.6353603603603604,0.6465465465465465,0.60015015015015,0.6302552552552554,bands
0,0.7150332728372655,0.7150332728372655,0.7220205686630369,0.6753478523895946,0.7150332728372655,ilpd
