Row,z_1,z_2
0,0.7003359495958025,-3.0529723871843664
1,0.4934209478780893,-2.931533697632304
2,0.12416588859304456,-2.532082860143763
3,1.616073930212709,-2.675999435417541
