Row,z_1,z_2
0,-3.2999744005860983,2.6964267304257947
1,-3.3896666207964805,2.2928728529445053
2,-3.2180287795411844,2.4679765161002383
