Row,z_1,z_2
0,0.05573288335706072,-2.8044912232342813
1,-0.5396775654166849,-1.778196443624277
2,-0.42111943293931725,-2.5347900303564495
